repetition,stream,no_cache_s,exact_syntax_s,fixed_bank_signature_s,semantic_registry_s,registry_minus_exact_s,registry_minus_index_s,registry_vs_exact_sustained_point,registry_vs_index_sustained_point,registry_vs_no_cache_sustained_point,candidate_or_status_mismatches
1,term_tau-100-0-0,4.504668494002544,0.08979615199859836,0.08595125401916448,0.09112473599452642,0.0013285839959280565,0.005173481975361938,,,1,0
1,term_tau-50-50-0,4.989253629009909,2.8137273179891054,2.806074004009133,2.781371338005556,-0.03235597998354933,-0.02470266600357718,46,58,1,0
1,term_tau-25-25-50,5.759521143005259,4.724157938006101,4.699728847997903,4.723640974993032,-0.0005169630130694713,0.023912126995128347,64,,1,0
1,term_tau-0-0-100,6.8094485589863325,6.747490906982421,6.646824649003975,6.6945783120063425,-0.05291259497607825,0.04775366300236783,11,,9,0
1,term_tau-context-safety,2.294883268998092,0.2991782399949443,0.3039575230104674,0.29995856501045637,0.0007803250155120622,-0.003998958000011044,,1,1,0
1,formula-100-0-0,7.2357939849862305,0.14224811300300644,0.1336852029999136,0.12620234300993616,-0.01604576999307028,-0.007482859989977442,1,1,1,0
1,formula-50-50-0,8.596191623004415,5.082161836031446,3.3798228329942503,3.386900637018698,-1.695261199012748,0.007077804024447687,1,,1,0
1,formula-25-25-50,9.524414128009084,7.984761139010516,5.081403729996964,5.00564490101533,-2.9791162379951857,-0.075758828981634,1,7,1,0
1,formula-0-0-100,12.260994540003594,12.164499006004917,6.885134575990378,6.84505153000282,-5.319447476002097,-0.04008304598755785,1,1,1,0
1,formula-context-safety,3.4942423249885906,0.43689585698666633,0.4144593459859607,0.4139387139912287,-0.022957142995437607,-0.0005206319947319571,1,20,1,0
2,term_tau-100-0-0,4.39440157300487,0.08667467999839573,0.08295357598399278,0.08269742098855204,-0.003977259009843692,-0.0002561549954407383,1,54,2,0
2,term_tau-50-50-0,4.804952284994215,2.7254935309792927,2.6540784620156046,2.6855529390231823,-0.03994059195611044,0.03147447700757766,38,,2,0
2,term_tau-25-25-50,5.743180575995211,4.717199167986109,4.649462841007335,4.646664440992026,-0.07053472699408303,-0.002798400015308289,1,19,1,0
2,term_tau-0-0-100,6.714749760005361,6.662560678985756,6.636459184010164,6.637910500005091,-0.02465017898066435,0.0014513159949274268,5,,4,0
2,term_tau-context-safety,2.254690103007306,0.29746640401208424,0.29017872701297165,0.28862250402744394,-0.008843899984640302,-0.001556222985527711,1,2,9,0
2,formula-100-0-0,7.117383858963876,0.13128716501159943,0.12924813599238405,0.11977981502423063,-0.011507349987368798,-0.00946832096815342,1,1,1,0
2,formula-50-50-0,8.326599933010584,4.929396170002292,3.2729356509989884,3.2749120779990335,-1.6544840920032584,0.001976427000045078,1,,1,0
2,formula-25-25-50,9.457449183002609,7.821352026981913,4.982177799021883,4.974215158010338,-2.8471368689715746,-0.007962641011545202,1,51,1,0
2,formula-0-0-100,12.622772015009105,12.597532558007515,7.06016304797231,7.103248083007202,-5.494284475000313,0.043085035034891916,1,,1,0
2,formula-context-safety,3.464285256995936,0.4381002700138197,0.41365068398954463,0.4129528589946858,-0.02514741101913387,-0.00069782499485882,1,9,1,0
3,term_tau-100-0-0,4.402838678979606,0.0904093839963025,0.08691678597824648,0.08503775399367441,-0.0053716300026280805,-0.001879031984572066,1,42,1,0
3,term_tau-50-50-0,4.877807942008076,2.7203172739718866,2.6970536690023437,2.675709863011434,-0.0446074109604524,-0.02134380599090946,10,1,1,0
3,term_tau-25-25-50,5.6218941179868125,4.66500938000172,4.601277942023444,4.590293721972557,-0.07471565802916302,-0.010984220050886506,11,42,1,0
3,term_tau-0-0-100,6.708644419002667,6.7492086439960985,6.677549796004314,6.59123236501182,-0.1579762789842789,-0.08631743099249434,1,4,2,0
3,term_tau-context-safety,2.3012167570195743,0.295706714005064,0.3143343670271861,0.29283880397997564,-0.0028679100250883494,-0.021495563047210453,3,1,2,0
3,formula-100-0-0,7.016892456987989,0.1313582500006305,0.14575716098261182,0.11891543600722798,-0.012442813993402524,-0.02684172497538384,1,1,1,0
3,formula-50-50-0,8.341834155999095,4.963048494999384,3.308382682978845,3.303705469988927,-1.6593430250104575,-0.004677212989918189,1,60,1,0
3,formula-25-25-50,9.52293274800104,8.02775037099127,5.038222979994316,5.000032030988223,-3.027718340003048,-0.03819094900609343,3,31,2,0
3,formula-0-0-100,12.615880087003461,12.768009888990491,7.202270290006709,7.16081602500708,-5.607193863983412,-0.04145426499962923,1,24,1,0
3,formula-context-safety,3.586152004001633,0.5105825980244845,0.42365474000325776,0.4459522479955922,-0.06463035002889228,0.02229750799233443,1,,1,0
